{
    "epoch": [
        1,
        2,
        3
    ],
    "train_loss": [
        0.11169014982086548,
        0.09188794460913814,
        0.07961746149346338
    ],
    "val_loss": [
        0.13481036242511538,
        0.13308409518665737,
        0.13402257983883223
    ]
}